n,time
0,5642
1,5488
2,5348
3,5344
4,5350
5,5337
6,5380
7,5321
8,5332
9,5346
10,5338
11,5349
12,5326
13,5356
14,5322
15,5329
16,5330
17,5397
18,5331
19,5368
20,5461
21,5329
22,5327
23,5286
24,5345
25,5303
26,5317
27,5329
28,5334
29,5334
30,5329
31,5331
32,5310
33,5304
34,5296
35,5371
36,5306
37,5324
38,5343
39,5327
40,5381
41,5334
42,5368
43,5337
44,5422
45,5475
46,5257
47,5330
48,5347
49,5348
50,5326
51,5337
52,5328
53,5343
54,5309
55,5305
56,5325
57,5304
58,5348
59,5305
60,5317
61,5367
62,5316
63,5334
64,5324
65,5396
66,5358
67,5664
68,5482
69,5393
70,5381
71,5360
72,5328
73,5328
74,5333
75,5343
76,5333
77,5308
78,5341
79,5326
80,5328
81,5301
82,5370
83,5327
84,5323
85,5322
86,5331
87,5329
88,5302
89,5328
90,5322
91,5327
92,5327
93,5322
94,5332
95,6926
96,5355
97,5226
98,5324
99,5345
100,5328
101,5325
102,5345
103,5375
104,5486
105,5343
106,5320
107,5328
108,5342
109,5342
110,5344
111,5366
112,5332
113,5379
114,5328
115,5337
116,5341
117,5347
118,5370
119,5380
120,5356
121,5369
122,5354
123,5355
124,5375
125,5300
126,5345
127,5331
128,5362
129,5333
130,5372
131,5364
132,5318
133,5386
134,5348
135,5321
136,5353
137,5380
138,5335
139,5349
140,5354
141,5331
142,5331
143,5333
144,5334
145,5339
146,5345
147,5336
148,5330
149,5328
150,5326
151,5336
152,5358
153,5292
154,5355
155,5263
156,5348
157,5441
158,5335
159,5360
160,5365
161,5337
162,5360
163,5344
164,5344
165,5354
166,5340
167,5337
168,5345
169,5416
170,5359
171,5371
172,5329
173,5327
174,5334
175,5345
176,5331
177,5330
178,5341
179,5327
180,5326
181,5338
182,5349
183,5353
184,5333
185,5339
186,5327
187,5314
188,5332
189,5326
190,5333
191,5329
192,5331
193,5327
194,5339
195,5325
196,5326
197,5329
198,5341
199,5332
200,5325
201,5331
202,5339
203,5329
204,5327
205,5330
206,5360
207,5330
208,5366
209,5338
210,5346
211,5333
212,5294
213,5346
214,5355
215,5333
216,5334
217,5342
218,5333
219,5247
220,5282
221,5348
222,5369
223,5337
224,5345
225,5367
226,5350
227,5351
228,5524
229,5352
230,5342
231,5331
232,5340
233,5338
234,5334
235,5369
236,5336
237,5337
238,5329
239,5340
240,5329
241,5326
242,5342
243,5384
244,5360
245,5335
246,5448
247,5423
248,5335
249,5329
250,5330
251,5349
252,5327
253,5348
254,5363
255,5340
256,5359
257,5330
258,5313
259,5362
260,5358
261,5366
262,5338
263,5373
264,5348
265,5350
266,5330
267,5344
268,5326
269,5361
270,5327
271,5344
272,5330
273,5383
274,5211
275,5361
276,5331
277,5328
278,5329
279,5334
280,5274
281,5301
282,5336
283,5344
284,5334
285,5338
286,5340
287,5336
288,5336
289,5351
290,5339
291,5350
292,5357
293,5380
294,5532
295,7121
296,5367
297,5315
298,5368
299,5345
300,5341
301,5307
302,5367
303,5363
304,5346
305,5340
306,5354
307,5341
308,5360
309,5346
310,5343
311,5367
312,5333
313,5327
314,5328
315,5324
316,5356
317,5265
318,5332
319,5304
320,5328
321,5341
322,5327
323,5332
324,5342
325,5336
326,5350
327,5357
328,5360
329,5361
330,5352
331,5363
332,5335
333,5331
334,5349
335,5325
336,5345
337,5337
338,5332
339,5336
340,5359
341,5376
342,5378
343,5557
344,5529
345,5349
346,5330
347,5336
348,5271
349,5359
350,5331
351,5339
352,5351
353,5342
354,5355
355,5336
356,5327
357,5325
358,5521
359,5647
360,5337
361,5340
362,5340
363,5330
364,5339
365,5362
366,5530
367,5439
368,5341
369,5277
370,5330
371,5314
372,5245
373,5306
374,5315
375,5353
376,5300
377,5339
378,5330
379,5329
380,5234
381,5346
382,5333
383,5336
384,5336
385,5330
386,5355
387,5305
388,5359
389,5323
390,5359
391,5299
392,5356
393,5331
394,5327
395,5353
396,5333
397,5339
398,5358
399,5337
400,5333
401,5341
402,5334
403,5351
404,5364
405,5327
406,5335
407,5334
408,5349
409,5329
410,5327
411,5334
412,5342
413,5345
414,5334
415,5340
416,5347
417,5341
418,5341
419,5333
420,5340
421,5381
422,5332
423,5325
424,5344
425,5325
426,5327
427,5330
428,5350
429,5502
430,5340
431,5336
432,5329
433,5281
434,5358
435,5331
436,5350
437,5249
438,5356
439,5342
440,5338
441,5311
442,5294
443,5321
444,5351
445,5339
446,5339
447,5339
448,5342
449,5354
450,5343
451,5254
452,5371
453,5332
454,5362
455,5331
456,5338
457,5332
458,5330
459,5334
460,5331
461,5325
462,5332
463,5340
464,5335
465,5324
466,5330
467,5329
468,5329
469,5334
470,5326
471,5362
472,5254
473,5333
474,5274
475,5362
476,5373
477,5329
478,5333
479,5376
480,5340
481,5346
482,5295
483,5329
484,5287
485,5337
486,5256
487,5341
488,5325
489,5352
490,5327
491,5333
492,5330
493,5353
494,5354
495,5347
496,5341
497,5337
498,5378
499,5345
500,5341
501,5333
502,5344
503,5313
504,5278
505,5333
506,5566
507,5332
508,5279
509,5335
510,5352
511,5335
512,5340
513,5331
514,5335
515,5328
516,5331
517,5330
518,5334
519,5339
520,5495
521,5354
522,5331
523,5334
524,5325
525,5350
526,5276
527,5330
528,5307
529,5230
530,5260
531,5341
532,5351
533,5329
534,5338
535,5326
536,5332
537,5343
538,5323
539,5339
540,5328
541,5351
542,5291
543,5367
544,5351
545,5331
546,5348
547,5345
548,5324
549,5333
550,5318
551,5332
552,5350
553,5357
554,5368
555,5363
556,5371
557,5360
558,5334
559,5331
560,5343
561,5358
562,5326
563,5332
564,5329
565,5373
566,5336
567,5343
568,5327
569,5338
570,5335
571,5337
572,5329
573,5346
574,5343
575,5312
576,5333
577,5364
578,5318
579,5365
580,5348
581,5336
582,5352
583,5357
584,5324
585,5353
586,5327
587,5322
588,5349
589,5332
590,5342
591,5334
592,5334
593,5336
594,5365
595,5330
596,5319
597,5364
598,5332
599,5333
600,5326
601,5339
602,5333
603,5352
604,5333
605,5331
606,5588
607,5328
608,5352
609,5331
610,5332
611,5338
612,5335
613,5309
614,5344
615,5384
616,5332
617,5325
618,5255
619,5351
620,5349
621,5367
622,5338
623,5305
624,5320
625,5398
626,5329
627,5334
628,5342
629,5291
630,5324
631,5350
632,5330
633,5346
634,5331
635,5339
636,5598
637,5330
638,5295
639,5344
640,5368
641,5321
642,5353
643,5333
644,5333
645,5329
646,5330
647,5327
648,5326
649,5325
650,5350
651,5457
652,5311
653,5306
654,5334
655,5355
656,5331
657,5368
658,5332
659,5339
660,5299
661,5355
662,5350
663,5363
664,5356
665,5365
666,5327
667,5332
668,5331
669,5306
670,5331
671,5350
672,5328
673,5344
674,5327
675,5335
676,5331
677,5333
678,5343
679,5353
680,5339
681,5324
682,5333
683,5325
684,5348
685,5333
686,5335
687,5276
688,5328
689,5348
690,5329
691,5334
692,5333
693,5345
694,5332
695,5349
696,5326
697,5332
698,5333
699,5326
700,5335
701,5345
702,5299
703,5330
704,5362
705,5336
706,5337
707,5349
708,5316
709,5328
710,5352
711,5333
712,5299
713,5334
714,5324
715,5373
716,5332
717,5345
718,5332
719,5328
720,5329
721,5328
722,5326
723,5328
724,5353
725,5307
726,5293
727,5296
728,5253
729,5265
730,5283
731,5349
732,5338
733,5354
734,5330
735,5334
736,5344
737,5283
738,5424
739,5328
740,5334
741,5325
742,5337
743,5465
744,5256
745,5339
746,5362
747,5344
748,5372
749,5360
750,5384
751,5344
752,5342
753,5336
754,5307
755,5267
756,5913
757,5329
758,5345
759,5348
760,5251
761,5273
762,5341
763,5323
764,5346
765,5330
766,5345
767,5328
768,5311
769,5330
770,5360
771,5338
772,5353
773,5364
774,5354
775,5355
776,5314
777,5461
778,5337
779,5372
780,5355
781,5342
782,5331
783,5351
784,5329
785,5347
786,5314
787,5362
788,5335
789,5372
790,5362
791,5339
792,5335
793,5347
794,5332
795,5300
796,5354
797,5338
798,5353
799,5320
800,5301
801,5303
802,5284
803,5293
804,5363
805,5354
806,5347
807,5342
808,5350
809,5348
810,5350
811,5333
812,5226
813,5260
814,5354
815,5346
816,5331
817,5313
818,5346
819,5331
820,5337
821,5330
822,5359
823,5356
824,5327
825,5373
826,5345
827,5346
828,5335
829,5339
830,5329
831,5318
832,5278
833,5331
834,5332
835,5332
836,5327
837,5325
838,5330
839,5328
840,5329
841,5396
842,5487
843,5334
844,5355
845,5343
846,5230
847,5329
848,5342
849,5332
850,5479
851,5351
852,5362
853,5309
854,5334
855,5275
856,5331
857,5275
858,5335
859,5345
860,5335
861,5909
862,5316
863,5243
864,5335
865,5360
866,5366
867,5351
868,5356
869,5303
870,5323
871,5283
872,5341
873,5347
874,5333
875,5338
876,5335
877,5348
878,5346
879,5336
880,5336
881,5328
882,5330
883,5331
884,5292
885,5259
886,5297
887,5323
888,5352
889,5336
890,5369
891,5346
892,5362
893,5355
894,5332
895,5372
896,5322
897,5337
898,5260
899,5330
900,5360
901,5348
902,5257
903,5327
904,5330
905,5341
906,5330
907,5366
908,5363
909,5336
910,5346
911,5351
912,5376
913,5358
914,5344
915,5337
916,5340
917,5332
918,5238
919,5343
920,5235
921,5334
922,5340
923,5811
924,5353
925,5334
926,5336
927,5349
928,5307
929,5336
930,5356
931,5341
932,5289
933,5362
934,5364
935,5318
936,5350
937,5332
938,5334
939,5351
940,5313
941,5366
942,5367
943,5334
944,5359
945,5342
946,5364
947,5354
948,5337
949,5333
950,5332
951,5326
952,5335
953,5331
954,5328
955,5339
956,5286
957,5317
958,5326
959,5319
960,5352
961,5331
962,5335
963,5326
964,5301
965,5334
966,5313
967,5357
968,5328
969,5346
970,5366
971,5349
972,5306
973,5333
974,5293
975,5331
976,5352
977,5328
978,5337
979,5331
980,5340
981,5339
982,5338
983,5341
984,5337
985,5335
986,5333
987,5328
988,5331
989,5251
990,5304
991,5324
992,5360
993,5336
994,5358
995,5350
996,5311
997,5356
998,5330
999,5329
1000,5331
1001,5362
1002,5330
1003,5336
1004,5334
1005,5358
1006,5347
1007,5366
1008,5360
1009,5338
1010,5362
1011,5345
1012,5273
1013,5326
1014,5349
1015,5340
1016,5349
1017,5330
1018,5347
1019,5327
1020,5335
1021,5325
1022,5331
1023,5324
1024,5334
1025,5331
1026,5333
1027,5320
1028,5319
1029,5349
1030,5329
1031,5342
1032,5342
1033,5320
1034,5326
1035,5348
1036,5329
1037,5339
1038,5333
1039,5314
1040,5352
1041,5327
1042,5349
1043,5363
1044,5378
1045,5344
1046,5369
1047,5320
1048,5352
1049,5355
1050,5360
1051,5341
1052,5269
1053,5327
1054,5330
1055,5330
1056,5364
1057,5340
1058,5349
1059,5340
1060,5342
1061,5354
1062,5329
1063,5345
1064,5329
1065,5371
1066,5337
1067,5335
1068,5324
1069,5346
1070,5333
1071,5327
1072,5356
1073,5332
1074,5285
1075,5296
1076,5350
1077,5328
1078,5362
1079,5327
1080,5338
1081,5325
1082,5337
1083,5387
1084,5331
1085,5338
1086,5325
1087,5348
1088,5314
1089,5323
1090,5326
1091,5353
1092,5360
1093,5350
1094,5352
1095,5361
1096,5326
1097,5302
1098,5323
1099,5348
1100,5349
1101,5367
1102,5332
1103,5353
1104,5336
1105,5337
1106,5330
1107,5335
1108,5331
1109,5328
1110,5333
1111,5295
1112,5353
1113,5334
1114,5336
1115,5328
1116,5335
1117,5330
1118,5337
1119,5330
1120,5917
1121,5301
1122,5356
1123,5329
1124,5332
1125,5337
1126,5351
1127,5352
1128,5338
1129,5333
1130,5326
1131,5331
1132,5333
1133,5280
1134,5261
1135,5333
1136,5348
1137,5333
1138,5224
1139,5330
1140,5354
1141,5344
1142,5353
1143,5334
1144,5306
1145,5259
1146,5256
1147,5234
1148,5348
1149,5354
1150,5342
1151,5341
1152,5354
1153,5291
1154,5353
1155,5329
1156,5342
1157,5340
1158,5332
1159,5700
1160,5383
1161,5336
1162,5346
1163,5335
1164,5365
1165,5333
1166,5333
1167,5326
1168,5333
1169,5281
1170,5353
1171,5332
1172,5354
1173,5351
1174,5333
1175,5330
1176,5313
1177,5349
1178,5328
1179,5336
1180,5327
1181,5348
1182,5340
1183,5325
1184,5328
1185,5325
1186,5333
1187,5352
1188,5312
1189,5329
1190,5278
1191,5328
1192,5353
1193,5336
1194,5341
1195,5326
1196,5336
1197,5326
1198,5335
1199,5351
1200,5260
1201,5333
1202,5256
1203,5340
1204,5329
1205,5345
1206,5333
1207,5330
1208,5329
1209,5328
1210,5327
1211,5327
1212,5329
1213,5328
1214,5312
1215,5369
1216,5332
1217,5385
1218,5303
1219,5358
1220,5346
1221,5333
1222,5327
1223,5340
1224,5317
1225,5332
1226,5355
1227,5331
1228,5346
1229,5329
1230,5327
1231,5385
1232,5358
1233,5329
1234,5328
1235,5353
1236,5350
1237,5365
1238,5336
1239,5294
1240,5306
1241,5352
1242,5331
1243,5335
1244,5339
1245,5338
1246,5317
1247,5345
1248,5329
1249,5334
1250,5326
1251,5346
1252,5320
1253,5248
1254,5355
1255,5328
1256,5343
1257,5324
1258,5347
1259,5326
1260,5329
1261,5327
1262,5332
1263,5319
1264,5347
1265,5370
1266,5329
1267,5338
1268,5341
1269,5312
1270,5323
1271,5327
1272,5318
1273,5346
1274,5327
1275,5331
1276,5329
1277,5333
1278,5329
1279,5333
1280,5327
1281,5343
1282,5344
1283,5336
1284,6432
1285,5930
1286,5319
1287,5360
1288,5334
1289,5340
1290,5341
1291,5336
1292,5335
1293,5332
1294,5353
1295,5338
1296,5333
1297,5358
1298,5339
1299,5341
1300,5358
1301,5289
1302,5341
1303,5289
1304,5326
1305,5369
1306,5331
1307,5325
1308,5350
1309,5256
1310,5327
1311,5287
1312,5324
1313,5347
1314,5329
1315,5358
1316,5349
1317,5336
1318,5343
1319,5308
1320,5337
1321,5316
1322,5331
1323,5349
1324,5329
1325,5334
1326,5357
1327,5293
1328,5329
1329,5280
1330,5346
1331,5363
1332,5331
1333,5342
1334,5337
1335,5328
1336,5338
1337,6146
1338,5337
1339,5326
1340,5274
1341,5286
1342,5354
1343,5328
1344,5360
1345,6049
1346,5374
1347,5331
1348,5337
1349,5328
1350,5327
1351,5331
1352,5326
1353,5336
1354,5326
1355,5331
1356,5335
1357,5329
1358,5327
1359,5329
1360,5325
1361,5330
1362,5327
1363,5333
1364,5335
1365,5308
1366,5355
1367,5333
1368,5329
1369,5339
1370,5411
1371,5349
1372,5361
1373,5363
1374,5364
1375,5330
1376,5361
1377,5338
1378,5367
1379,5350
1380,5355
1381,5328
1382,5329
1383,5325
1384,5332
1385,5329
1386,5332
1387,5331
1388,5332
1389,5332
1390,5327
1391,5335
1392,5333
1393,5290
1394,5338
1395,5352
1396,5332
1397,5334
1398,5328
1399,5333
1400,5329
1401,5332
1402,5343
1403,5272
1404,5327
1405,5367
1406,5327
1407,5338
1408,5329
1409,5333
1410,5327
1411,5330
1412,5324
1413,5332
1414,5326
1415,5333
1416,5336
1417,5332
1418,5331
1419,5331
1420,5327
1421,5330
1422,5323
1423,5335
1424,5326
1425,5358
1426,5320
1427,5263
1428,5351
1429,5331
1430,5340
1431,5330
1432,5328
1433,5326
1434,5335
1435,5329
1436,5329
1437,5326
1438,5330
1439,5330
1440,5350
1441,5294
1442,5351
1443,5334
1444,5335
1445,5329
1446,5325
1447,5376
1448,5326
1449,5331
1450,5340
1451,5295
1452,5349
1453,5356
1454,5330
1455,5342
1456,5365
1457,5335
1458,5327
1459,5360
1460,5341
1461,5339
1462,5328
1463,5329
1464,5330
1465,5329
1466,5334
1467,5328
1468,5328
1469,5331
1470,5324
1471,5255
1472,5351
1473,5333
1474,5331
1475,5327
1476,5352
1477,5339
1478,5339
1479,5327
1480,5332
1481,5327
1482,5331
1483,5320
1484,5333
1485,5294
1486,5354
1487,5328
1488,5329
1489,5329
1490,5332
1491,5327
1492,5335
1493,5327
1494,5278
1495,5320
1496,5234
1497,5353
1498,5333
1499,5337
1500,5339
1501,5316
1502,5322
1503,5383
1504,5328
1505,5360
1506,5334
1507,5357
1508,5337
1509,5335
1510,5338
1511,5258
1512,5355
1513,5329
1514,5340
1515,5331
1516,5338
1517,5332
1518,5299
1519,5355
1520,5329
1521,5332
1522,5310
1523,5350
1524,5332
1525,5983
1526,5293
1527,5336
1528,5338
1529,5299
1530,5340
1531,5301
1532,5337
1533,5349
1534,5339
1535,5333
1536,5371
1537,5351
1538,5360
1539,5315
1540,5364
1541,5328
1542,5370
1543,5316
1544,5349
1545,5293
1546,5336
1547,5327
1548,5326
1549,5331
1550,5325
1551,5335
1552,5326
1553,5333
1554,5330
1555,5325
1556,5329
1557,5350
1558,5314
1559,5320
1560,5241
1561,5329
1562,5345
1563,5343
1564,5344
1565,5348
1566,5330
1567,5347
1568,5343
1569,5344
1570,5336
1571,5325
1572,5310
1573,5339
1574,5361
1575,5326
1576,5328
1577,5328
1578,5332
1579,5327
1580,5331
1581,5333
1582,5331
1583,5327
1584,5330
1585,5257
1586,5367
1587,5336
1588,5331
1589,5326
1590,5334
1591,5328
1592,5336
1593,5325
1594,5325
1595,5332
1596,5331
1597,5329
1598,5324
1599,5335
1600,5327
1601,5335
1602,5324
1603,5341
1604,5226
1605,5327
1606,5351
1607,5322
1608,5352
1609,5330
1610,5338
1611,5358
1612,5312
1613,5365
1614,5330
1615,5338
1616,5324
1617,5333
1618,5326
1619,5336
1620,5326
1621,5336
1622,5328
1623,5357
1624,5332
1625,5346
1626,5343
1627,5369
1628,5331
1629,5332
1630,5327
1631,5312
1632,5348
1633,5333
1634,5338
1635,5329
1636,5331
1637,5314
1638,5295
1639,5318
1640,5357
1641,5346
1642,5390
1643,5329
1644,5333
1645,5340
1646,5336
1647,5334
1648,5305
1649,5323
1650,5353
1651,5327
1652,5338
1653,5325
1654,5325
1655,5326
1656,5345
1657,5337
1658,5333
1659,5435
1660,5365
1661,5349
1662,5339
1663,5327
1664,5329
1665,5307
1666,5364
1667,5339
1668,5364
1669,5327
1670,5353
1671,5298
1672,5329
1673,5344
1674,5349
1675,5334
1676,5329
1677,5315
1678,5403
1679,5317
1680,5353
1681,5335
1682,5335
1683,5327
1684,5333
1685,5327
1686,5332
1687,5281
1688,5333
1689,5322
1690,5348
1691,5328
1692,5340
1693,5332
1694,5328
1695,5329
1696,5329
1697,5347
1698,5352
1699,5337
1700,5351
1701,5334
1702,5286
1703,5297
1704,5251
1705,5323
1706,5355
1707,5326
1708,5339
1709,5327
1710,5335
1711,5329
1712,5339
1713,5325
1714,5335
1715,5326
1716,5332
1717,5313
1718,5340
1719,5336
1720,5351
1721,5328
1722,5340
1723,5332
1724,5354
1725,5348
1726,5374
1727,5338
1728,5342
1729,5332
1730,5331
1731,5325
1732,5319
1733,5307
1734,5329
1735,5342
1736,5329
1737,5335
1738,5343
1739,5290
1740,5323
1741,5323
1742,5237
1743,5332
1744,5353
1745,5347
1746,5341
1747,5325
1748,5335
1749,5327
1750,5333
1751,5348
1752,5355
1753,5340
1754,5334
1755,5333
1756,5365
1757,5341
1758,5338
1759,5348
1760,5333
1761,5330
1762,5352
1763,5332
1764,5341
1765,5350
1766,5328
1767,5335
1768,5330
1769,5330
1770,5325
1771,5336
1772,5334
1773,5340
1774,5329
1775,5340
1776,5331
1777,5331
1778,5355
1779,5333
1780,5344
1781,5326
1782,5331
1783,5338
1784,5330
1785,5341
1786,5366
1787,5359
1788,5357
1789,5335
1790,5268
1791,5366
1792,5336
1793,5351
1794,5330
1795,5356
1796,5332
1797,5333
1798,5328
1799,5337
1800,5333
1801,5327
1802,5346
1803,5332
1804,5326
1805,5335
1806,5328
1807,5327
1808,5324
1809,5341
1810,5332
1811,5344
1812,5627
1813,5332
1814,5339
1815,5343
1816,5329
1817,5327
1818,5343
1819,5345
1820,5331
1821,5330
1822,5343
1823,5331
1824,5326
1825,5365
1826,5331
1827,5338
1828,5347
1829,5243
1830,5332
1831,5236
1832,5335
1833,5346
1834,5339
1835,5338
1836,5357
1837,5255
1838,5329
1839,5274
1840,5329
1841,5351
1842,5349
1843,5365
1844,5339
1845,5330
1846,5327
1847,5297
1848,5335
1849,5344
1850,5334
1851,5336
1852,5365
1853,5358
1854,5355
1855,5325
1856,5386
1857,5330
1858,5333
1859,5229
1860,5357
1861,5340
1862,5321
1863,5330
1864,5353
1865,5305
1866,5286
1867,5336
1868,5347
1869,5333
1870,5349
1871,5374
1872,5369
1873,5341
1874,5334
1875,5329
1876,5333
1877,5339
1878,5336
1879,5330
1880,5337
1881,5330
1882,5349
1883,5337
1884,5351
1885,5334
1886,5370
1887,5352
1888,5363
1889,5339
1890,5648
1891,5338
1892,5306
1893,5357
1894,5308
1895,5362
1896,5343
1897,5362
1898,5381
1899,5367
1900,5372
1901,5351
1902,5364
1903,5359
1904,5361
1905,5388
1906,5329
1907,5335
1908,5324
1909,5330
1910,5358
1911,5336
1912,5335
1913,5365
1914,5333
1915,5380
1916,5364
1917,5343
1918,5310
1919,5331
1920,5343
1921,5335
1922,5313
1923,5336
1924,5329
1925,5336
1926,5333
1927,5345
1928,5358
1929,5373
1930,5365
1931,5353
1932,5368
1933,5359
1934,5346
1935,5359
1936,5367
1937,5354
1938,5356
1939,5347
1940,5338
1941,5334
1942,5328
1943,5335
1944,5344
1945,5333
1946,5331
1947,5333
1948,5222
1949,5352
1950,5330
1951,5315
1952,5327
1953,5372
1954,5332
1955,5386
1956,5348
1957,5355
1958,5360
1959,5337
1960,5335
1961,5347
1962,5331
1963,5330
1964,5335
1965,5342
1966,5343
1967,5339
1968,5328
1969,5327
1970,5333
1971,5327
1972,5336
1973,5355
1974,5354
1975,5325
1976,5343
1977,5294
1978,5336
1979,5349
1980,5341
1981,5342
1982,5326
1983,5333
1984,5325
1985,5325
1986,5346
1987,5303
1988,5358
1989,5359
1990,5332
1991,5347
1992,5340
1993,5331
1994,5327
1995,5334
1996,5325
1997,5336
1998,5328
1999,5333
2000,5329
2001,5328
2002,5354
2003,5271
2004,5333
2005,5310
2006,5337
2007,5351
2008,5328
2009,5327
2010,5330
2011,5342
2012,5332
2013,5328
2014,5341
2015,5336
2016,5332
2017,5333
2018,5327
2019,5313
2020,5299
2021,5349
2022,5327
2023,5335
2024,5329
2025,5328
2026,5339
2027,5330
2028,5324
2029,5327
2030,5337
2031,5327
2032,5339
2033,5358
2034,5349
2035,5344
2036,5335
2037,5338
2038,5329
2039,5339
2040,5353
2041,5368
2042,5364
2043,5325
2044,5331
2045,5378
2046,5349
2047,5356
2048,5333
2049,5342
2050,5335
2051,5343
2052,5345
2053,5326
2054,5336
2055,5333
2056,5358
2057,5328
2058,5327
2059,5332
2060,5336
2061,5332
2062,5326
2063,5294
2064,6060
2065,5375
2066,5341
2067,5334
2068,5344
2069,5330
2070,5349
2071,5422
2072,5347
2073,5339
2074,5361
2075,5355
2076,5335
2077,5343
2078,5359
2079,5327
2080,5332
2081,5326
2082,5328
2083,5324
2084,5337
2085,5336
2086,5325
2087,5340
2088,5342
2089,5329
2090,5370
2091,5274
2092,5355
2093,5331
2094,5369
2095,5360
2096,5339
2097,5331
2098,5330
2099,5334
2100,5341
2101,5328
2102,5329
2103,5330
2104,5324
2105,5329
2106,5327
2107,5338
2108,5328
2109,5336
2110,5330
2111,5327
2112,5327
2113,5337
2114,5327
2115,5347
2116,5359
2117,5325
2118,5329
2119,5327
2120,5342
2121,5329
2122,5339
2123,5335
2124,5337
2125,5343
2126,5325
2127,5331
2128,5324
2129,5331
2130,5335
2131,5344
2132,5331
2133,5328
2134,5338
2135,5331
2136,5332
2137,5328
2138,5347
2139,5321
2140,5362
2141,5340
2142,5331
2143,5344
2144,5345
2145,5304
2146,5364
2147,5379
2148,5209
2149,5264
2150,5361
2151,5338
2152,5338
2153,5329
2154,5336
2155,5334
2156,5340
2157,5335
2158,5345
2159,5246
2160,5423
2161,5336
2162,5332
2163,5328
2164,5342
2165,5332
2166,5329
2167,5310
2168,5323
2169,5360
2170,5341
2171,5361
2172,5329
2173,5339
2174,5351
2175,5301
2176,5352
2177,5333
2178,5335
2179,5339
2180,5326
2181,5301
2182,5330
2183,5342
2184,5331
2185,5334
2186,5328
2187,5338
2188,5341
2189,5299
2190,5335
2191,5296
2192,5332
2193,5343
2194,5332
2195,5334
2196,5330
2197,5330
2198,5333
2199,5339
2200,5358
2201,5337
2202,5247
2203,5270
2204,5353
2205,5338
2206,5344
2207,5328
2208,5347
2209,5305
2210,5280
2211,5283
2212,5334
2213,5350
2214,5343
2215,5335
2216,5337
2217,5362
2218,5354
2219,5333
2220,5365
2221,5332
2222,5330
2223,5333
2224,5325
2225,5294
2226,5349
2227,5331
2228,5340
2229,5316
2230,5352
2231,5338
2232,5339
2233,5331
2234,5336
2235,5329
2236,5328
2237,5359
2238,5358
2239,5326
2240,5336
2241,5325
2242,5336
2243,5351
2244,5328
2245,5338
2246,5293
2247,5345
2248,5297
2249,5360
2250,5333
2251,5368
2252,5321
2253,5346
2254,5329
2255,5368
2256,5332
2257,5355
2258,5329
2259,5332
2260,5335
2261,5350
2262,5344
2263,5318
2264,5308
2265,5308
2266,5297
2267,5262
2268,5361
2269,6560
2270,5340
2271,5332
2272,5337
2273,5343
2274,5325
2275,5309
2276,5286
2277,5366
2278,5347
2279,5383
2280,5364
2281,5352
2282,5340
2283,5371
2284,5345
2285,5349
2286,5344
2287,5361
2288,5358
2289,5341
2290,5351
2291,5350
2292,5302
2293,5311
2294,5219
2295,5328
2296,5346
2297,5280
2298,5330
2299,5328
2300,5330
2301,5334
2302,5325
2303,5331
2304,5319
2305,5349
2306,5336
2307,5343
2308,5332
2309,5328
2310,5331
2311,5330
2312,5331
2313,5656
2314,5352
2315,5331
2316,5359
2317,5351
2318,5234
2319,5328
2320,5351
2321,5336
2322,5347
2323,5330
2324,5342
2325,5296
2326,5360
2327,5272
2328,5336
2329,5299
2330,5331
2331,5281
2332,5328
2333,5349
2334,5327
2335,5345
2336,5304
2337,5259
2338,5256
2339,5349
2340,5340
2341,5354
2342,5352
2343,5277
2344,5373
2345,5700
2346,5317
2347,5298
2348,5318
2349,5351
2350,5328
2351,5342
2352,5328
2353,5301
2354,5323
2355,5355
2356,5345
2357,5373
2358,5361
2359,5337
2360,5330
2361,5332
2362,5356
2363,5348
2364,5310
2365,5353
2366,5342
2367,5331
2368,5320
2369,5348
2370,5330
2371,5330
2372,5329
2373,5333
2374,5343
2375,5351
2376,5336
2377,5340
2378,5329
2379,5332
2380,5335
2381,5337
2382,5328
2383,5326
2384,5341
2385,5338
2386,5336
2387,5328
2388,5350
2389,5334
2390,5332
2391,5325
2392,5340
2393,5291
2394,5326
2395,5328
2396,5324
2397,5332
2398,5329
2399,5325
2400,5336
2401,5327
2402,5336
2403,5330
2404,5328
2405,5330
2406,5334
2407,5335
2408,5337
2409,5256
2410,5388
2411,5336
2412,5346
2413,5613
2414,5334
2415,5326
2416,5332
2417,5326
2418,5348
2419,5289
2420,5348
2421,5331
2422,5343
2423,5344
2424,5406
2425,5351
2426,5338
2427,5347
2428,5329
2429,5362
2430,5329
2431,5340
2432,5353
2433,6214
2434,5306
2435,5343
2436,5346
2437,5327
2438,5355
2439,5332
2440,5334
2441,5327
2442,5333
2443,5341
2444,5362
2445,5348
2446,5330
2447,5357
2448,5326
2449,5336
2450,5331
2451,5338
2452,5334
2453,5332
2454,5333
2455,5359
2456,5358
2457,5293
2458,5332
2459,5225
2460,5345
2461,5327
2462,5336
2463,5327
2464,5332
2465,5340
2466,5337
2467,5359
2468,5392
2469,5333
2470,5333
2471,5335
2472,5341
2473,5327
2474,5336
2475,5327
2476,5331
2477,5324
2478,5345
2479,5271
2480,5357
2481,5290
2482,5359
2483,5360
2484,5331
2485,5334
2486,5332
2487,5333
2488,5333
2489,5332
2490,5331
2491,5330
2492,5462
2493,5288
2494,5328
2495,5303
2496,5354
2497,5353
2498,5329
2499,5338
2500,5332
2501,5339
2502,5335
2503,5298
2504,5357
2505,5365
2506,5334
2507,5328
2508,5331
2509,5337
2510,5358
2511,5313
2512,5320
2513,5327
2514,5281
2515,5347
2516,5346
2517,5336
2518,5336
2519,6259
2520,5296
2521,5328
2522,5343
2523,5347
2524,5334
2525,5325
2526,5334
2527,5358
2528,5266
2529,5331
2530,5304
2531,5227
2532,5295
2533,5338
2534,5352
2535,5333
2536,5340
2537,5357
2538,5339
2539,5346
2540,5272
2541,5342
2542,5376
2543,5359
2544,5341
2545,5330
2546,5334
2547,5354
2548,5290
2549,6096
2550,6139
2551,5327
2552,5335
2553,5323
2554,5296
2555,5333
2556,5358
2557,5341
2558,5352
2559,5343
2560,5336
2561,5362
2562,5349
2563,5440
2564,5369
2565,5342
2566,5337
2567,5291
2568,5327
2569,5327
2570,5288
2571,5341
2572,5357
2573,5369
2574,5326
2575,5335
2576,5327
2577,5351
2578,5325
2579,5331
2580,5332
2581,5333
2582,5328
2583,5331
2584,5333
2585,5337
2586,5299
2587,5295
2588,5349
2589,5328
2590,5340
2591,5333
2592,5332
2593,5353
2594,5329
2595,5338
2596,5331
2597,5336
2598,5337
2599,5341
2600,5361
2601,5372
2602,5333
2603,5342
2604,5292
2605,5335
2606,5349
2607,5335
2608,5343
2609,5367
2610,5341
2611,5288
2612,5300
2613,5337
2614,5322
2615,5339
2616,5362
2617,5366
2618,5320
2619,5345
2620,5326
2621,5335
2622,5359
2623,5331
2624,5395
2625,5338
2626,5334
2627,5330
2628,5341
2629,5329
2630,5332
2631,5327
2632,5362
2633,5328
2634,5239
2635,5329
2636,5215
2637,5340
2638,5353
2639,5348
2640,5343
2641,5360
2642,5330
2643,5340
2644,5327
2645,5333
2646,5542
2647,5290
2648,5351
2649,5361
2650,5337
2651,5347
2652,5336
2653,5334
2654,5334
2655,5335
2656,5325
2657,5329
2658,5334
2659,5331
2660,5348
2661,5325
2662,5346
2663,5317
2664,5336
2665,5326
2666,5348
2667,5347
2668,5328
2669,5336
2670,5348
2671,5301
2672,5330
2673,5278
2674,5385
2675,5369
2676,5335
2677,5334
2678,5337
2679,5331
2680,5328
2681,5330
2682,5395
2683,5319
2684,5336
2685,5307
2686,5331
2687,5349
2688,5330
2689,5333
2690,5325
2691,5335
2692,5329
2693,5331
2694,5330
2695,5352
2696,5336
2697,5330
2698,5353
2699,5285
2700,5338
2701,5293
2702,5328
2703,5353
2704,5350
2705,5329
2706,5336
2707,5278
2708,5349
2709,5265
2710,5332
2711,5309
2712,5344
2713,5362
2714,5330
2715,5335
2716,5327
2717,5365
2718,5330
2719,5336
2720,5325
2721,5331
2722,5360
2723,5303
2724,5361
2725,5339
2726,5333
2727,5334
2728,5332
2729,5352
2730,5346
2731,5377
2732,5349
2733,5353
2734,5345
2735,5276
2736,5336
2737,5326
2738,5359
2739,5342
2740,5347
2741,5353
2742,5337
2743,5363
2744,5375
2745,5329
2746,5339
2747,5327
2748,5333
2749,5329
2750,5350
2751,5338
2752,5361
2753,5337
2754,5357
2755,5341
2756,5347
2757,5326
2758,5334
2759,5331
2760,5336
2761,5324
2762,5344
2763,5358
2764,5332
2765,5390
2766,5360
2767,5365
2768,5331
2769,5336
2770,5334
2771,5331
2772,5324
2773,5347
2774,5289
2775,5329
2776,5297
2777,5339
2778,5332
2779,5332
2780,5336
2781,5326
2782,5336
2783,5345
2784,5349
2785,5333
2786,5366
2787,5327
2788,5333
2789,5324
2790,5425
2791,5332
2792,5334
2793,5348
2794,6808
2795,5282
2796,5347
2797,5329
2798,5676
2799,5327
2800,5270
2801,5349
2802,5330
2803,5328
2804,5349
2805,5322
2806,5304
2807,5358
2808,5343
2809,5329
2810,5328
2811,5327
2812,5331
2813,5347
2814,5329
2815,5331
2816,5327
2817,5347
2818,5333
2819,7031
2820,5350
2821,5357
2822,5324
2823,5336
2824,5346
2825,5328
2826,5329
2827,5301
2828,5345
2829,5342
2830,5328
2831,5328
2832,5330
2833,5340
2834,5353
2835,5355
2836,5345
2837,5269
2838,5328
2839,5343
2840,5328
2841,5331
2842,5349
2843,5311
2844,5342
2845,5365
2846,5333
2847,5343
2848,5349
2849,5339
2850,5330
2851,5333
2852,5331
2853,5343
2854,5315
2855,5322
2856,5349
2857,5328
2858,5263
2859,5331
2860,5329
2861,5328
2862,5301
2863,5360
2864,5371
2865,5355
2866,5330
2867,5317
2868,5302
2869,5301
2870,5354
2871,5332
2872,5341
2873,5352
2874,5336
2875,5336
2876,5385
2877,5334
2878,5351
2879,5338
2880,5338
2881,5327
2882,5317
2883,5309
2884,5329
2885,5296
2886,5331
2887,5347
2888,5328
2889,5330
2890,5329
2891,5323
2892,5304
2893,5328
2894,5351
2895,5335
2896,5454
2897,5330
2898,5331
2899,5337
2900,5325
2901,5332
2902,5330
2903,5328
2904,5339
2905,5330
2906,5334
2907,5327
2908,5328
2909,5330
2910,5332
2911,5328
2912,5299
2913,5332
2914,5322
2915,5367
2916,5352
2917,5328
2918,5356
2919,5361
2920,5373
2921,5355
2922,5281
2923,5331
2924,5341
2925,5346
2926,5252
2927,5328
2928,5336
2929,5337
2930,5339
2931,5354
2932,5356
2933,5344
2934,5355
2935,5286
2936,5292
2937,5339
2938,5342
2939,5340
2940,5331
2941,5325
2942,5351
2943,5335
2944,5333
2945,5336
2946,5330
2947,5339
2948,5324
2949,5340
2950,5329
2951,5338
2952,5336
2953,5375
2954,5371
2955,5344
2956,5268
2957,5359
2958,5285
2959,5340
2960,5351
2961,5340
2962,5335
2963,5327
2964,5340
2965,5334
2966,5328
2967,5328
2968,5331
2969,5331
2970,5331
2971,5337
2972,5331
2973,5326
2974,5337
2975,5328
2976,5329
2977,5325
2978,5261
2979,5333
2980,5287
2981,5333
2982,5356
2983,5350
2984,5340
2985,5336
2986,5329
2987,5339
2988,5343
2989,5363
2990,5383
2991,5328
2992,5335
2993,5325
2994,5327
2995,5340
2996,5329
2997,5329
2998,5328
2999,5331
3000,5328
3001,5345
3002,5307
3003,5306
3004,5353
3005,5338
3006,5338
3007,5327
3008,5333
3009,5357
3010,5329
3011,5338
3012,5324
3013,5334
3014,5334
3015,5325
3016,5332
3017,5325
3018,5338
3019,5325
3020,5329
3021,5332
3022,5325
3023,5328
3024,5330
3025,5335
3026,5324
3027,5286
3028,5360
3029,5332
3030,5336
3031,5303
3032,5349
3033,5333
3034,5371
3035,5342
3036,5359
3037,5332
3038,5331
3039,5330
3040,5352
3041,5261
3042,5326
3043,5270
3044,5331
3045,5358
3046,5326
3047,5345
3048,5353
3049,5329
3050,5342
3051,5423
3052,5341
3053,5326
3054,5337
3055,5325
3056,5331
3057,5327
3058,5332
3059,5325
3060,5333
3061,5335
3062,5331
3063,5333
3064,5293
3065,5353
3066,5333
3067,5334
3068,5331
3069,5326
3070,5348
3071,5313
3072,5303
3073,5206
3074,5333
3075,5350
3076,5335
3077,5358
3078,5434
3079,5361
3080,5372
3081,5407
3082,5353
3083,5346
3084,5355
3085,5325
3086,5340
3087,5333
3088,5331
3089,5341
3090,5340
3091,5333
3092,5342
3093,5329
3094,5329
3095,5285
3096,5326
3097,5356
3098,5354
3099,5326
3100,5337
3101,5346
3102,5559
3103,5350
3104,5328
3105,5351
3106,5338
3107,5378
3108,5314
3109,5354
3110,5447
3111,5976
3112,5333
3113,5335
3114,5332
3115,5329
3116,5334
3117,5330
3118,5339
3119,5333
3120,5335
3121,5333
3122,5325
3123,5331
3124,5329
3125,5329
3126,5333
3127,5328
3128,5315
3129,5285
3130,5292
3131,5390
3132,5340
3133,5341
3134,5331
3135,5339
3136,5335
3137,5336
3138,5333
3139,5332
3140,5343
3141,5331
3142,5343
3143,5326
3144,5337
3145,5332
3146,5333
3147,5325
3148,5329
3149,5325
3150,5343
3151,5317
3152,5358
3153,5337
3154,5329
3155,5338
3156,5327
3157,5332
3158,5326
3159,5343
3160,5302
3161,5677
3162,5354
3163,5363
3164,5353
3165,5338
3166,5336
3167,5340
3168,5334
3169,5285
3170,5327
3171,5312
3172,5354
3173,5331
3174,5333
3175,5327
3176,5355
3177,5336
3178,5332
3179,6038
3180,5330
3181,5354
3182,5353
3183,5325
3184,5352
3185,5367
3186,5331
3187,5269
3188,5330
3189,5334
3190,5343
3191,5298
3192,5288
3193,5320
3194,5343
3195,5328
3196,5344
3197,5329
3198,5327
3199,5331
3200,5325
3201,5337
3202,5327
3203,5351
3204,5448
3205,5356
3206,5364
3207,5275
3208,5305
3209,5339
3210,5322
3211,5323
3212,5352
3213,5332
3214,5366
3215,5361
3216,5319
3217,5356
3218,5326
3219,5337
3220,5332
3221,5328
3222,5330
3223,5332
3224,5323
3225,5355
3226,5329
3227,5332
3228,5325
3229,5332
3230,5327
3231,5335
3232,5326
3233,5330
3234,5332
3235,5305
3236,5276
3237,5342
3238,5326
3239,5332
3240,5327
3241,5328
3242,5333
3243,5331
3244,5316
3245,5305
3246,5362
3247,5357
3248,5329
3249,5338
3250,5322
3251,5312
3252,5318
3253,5350
3254,5332
3255,5341
3256,5326
3257,5336
3258,5367
3259,5327
3260,5334
3261,5343
3262,5366
3263,5354
3264,5799
3265,5357
3266,5340
3267,5337
3268,5336
3269,5346
3270,5308
3271,5338
3272,5355
3273,5339
3274,5338
3275,5333
3276,5342
3277,5355
3278,5323
3279,5357
3280,5347
3281,5375
3282,5335
3283,5348
3284,5337
3285,5325
3286,5306
3287,5333
3288,5355
3289,5334
3290,5339
3291,5327
3292,5298
3293,5343
3294,5333
3295,5328
3296,5325
3297,5319
3298,5314
3299,5297
3300,5296
3301,5312
3302,5352
3303,5331
3304,5337
3305,5327
3306,5295
3307,5347
3308,5342
3309,5332
3310,5344
3311,5339
3312,5351
3313,5330
3314,5351
3315,5325
3316,5340
3317,5354
3318,5330
3319,5338
3320,5331
3321,5340
3322,5293
3323,5328
3324,5354
3325,5354
3326,5330
3327,5328
3328,5322
3329,5356
3330,5330
3331,5334
3332,5319
3333,5350
3334,5328
3335,5330
3336,5353
3337,5363
3338,5358
3339,5315
3340,5297
3341,5326
3342,5272
3343,5295
3344,5359
3345,5331
3346,5340
3347,5329
3348,5299
3349,5353
3350,5331
3351,5331
3352,5289
3353,5351
3354,5329
3355,5328
3356,5271
3357,5330
3358,5274
3359,5254
3360,5330
3361,5323
3362,5318
3363,5348
3364,5332
3365,5346
3366,5335
3367,5333
3368,5325
3369,5328
3370,5349
3371,5295
3372,5349
3373,5332
3374,5343
3375,5330
3376,5317
3377,5302
3378,5185
3379,5348
3380,6057
3381,5335
3382,5324
3383,5334
3384,5333
3385,5339
3386,5326
3387,5334
3388,5326
3389,5341
3390,5331
3391,5325
3392,5338
3393,5328
3394,5322
3395,5329
3396,5347
3397,5251
3398,5337
3399,5325
3400,5345
3401,5277
3402,5332
3403,5341
3404,5336
3405,5339
3406,5329
3407,5335
3408,5326
3409,5330
3410,5332
3411,5325
3412,5343
3413,5337
3414,5325
3415,5332
3416,5346
3417,5253
3418,5330
3419,5249
3420,5329
3421,5346
3422,5326
3423,5339
3424,5371
3425,5293
3426,5333
3427,5350
3428,5346
3429,5358
3430,5345
3431,5331
3432,5997
3433,5349
3434,5267
3435,5358
3436,5353
3437,5340
3438,5336
3439,5344
3440,5336
3441,5325
3442,5335
3443,5363
3444,5337
3445,5326
3446,5328
3447,5326
3448,5341
3449,5326
3450,5348
3451,5278
3452,5355
3453,5365
3454,5329
3455,5331
3456,5332
3457,5344
3458,5327
3459,5343
3460,5329
3461,5341
3462,5356
3463,5362
3464,5360
3465,5326
3466,5336
3467,5342
3468,5334
3469,5326
3470,5334
3471,5326
3472,5370
3473,5335
3474,5326
3475,5333
3476,5339
3477,5275
3478,5336
3479,5250
3480,5330
3481,5351
3482,5330
3483,5335
3484,5326
3485,5330
3486,5325
3487,5334
3488,5330
3489,5352
3490,5343
3491,5360
3492,5328
3493,5328
3494,5334
3495,5330
3496,5324
3497,5327
3498,5323
3499,5333
3500,5324
3501,5353
3502,5334
3503,5325
3504,5269
3505,5299
3506,5325
3507,5262
3508,5331
3509,5515
3510,5328
3511,5341
3512,5337
3513,5585
3514,5354
3515,5362
3516,5341
3517,5336
3518,5332
3519,5343
3520,5329
3521,5327
3522,5330
3523,5372
3524,5343
3525,5351
3526,5336
3527,5340
3528,5327
3529,5335
3530,5342
3531,5325
3532,5326
3533,5327
3534,5599
3535,5338
3536,5355
3537,5331
3538,5335
3539,5332
3540,5326
3541,5330
3542,5339
3543,5332
3544,5327
3545,5345
3546,5336
3547,5333
3548,5326
3549,5349
3550,5333
3551,5343
3552,5339
3553,5328
3554,5325
3555,5360
3556,5342
3557,5304
3558,5333
3559,5341
3560,5332
3561,5326
3562,5339
3563,5329
3564,5333
3565,5324
3566,5336
3567,5341
3568,5330
3569,5327
3570,5349
3571,5340
3572,5382
3573,5333
3574,5330
3575,5335
3576,5328
3577,5343
3578,5336
3579,5326
3580,5334
3581,5328
3582,5344
3583,5382
3584,5339
3585,5335
3586,5330
3587,5324
3588,5332
3589,5260
3590,5353
3591,5349
3592,5332
3593,5329
3594,5344
3595,5329
3596,5325
3597,5330
3598,5325
3599,5331
3600,5330
3601,5336
3602,5339
3603,5331
3604,5326
3605,5333
3606,5343
3607,5332
3608,5327
3609,5337
3610,5337
3611,5331
3612,5325
3613,5336
3614,5330
3615,5325
3616,5327
3617,5345
3618,5330
3619,5332
3620,5334
3621,5324
3622,5335
3623,5336
3624,5327
3625,5323
3626,5331
3627,5338
3628,5339
3629,5333
3630,5338
3631,5338
3632,5346
3633,5346
3634,5254
3635,5335
3636,5250
3637,5360
3638,5358
3639,5366
3640,5336
3641,5337
3642,5339
3643,5335
3644,5341
3645,5332
3646,5338
3647,5343
3648,5328
3649,5346
3650,5348
3651,5340
3652,5330
3653,5344
3654,5350
3655,5332
3656,5329
3657,5332
3658,5330
3659,5327
3660,5326
3661,5333
3662,5328
3663,5354
3664,5336
3665,5331
3666,5361
3667,5362
3668,5378
3669,5341
3670,5280
3671,5327
3672,5370
3673,5342
3674,5337
3675,5326
3676,5331
3677,5348
3678,5327
3679,5325
3680,5332
3681,5345
3682,5336
3683,5333
3684,5337
3685,5345
3686,5335
3687,5327
3688,5345
3689,5340
3690,5339
3691,5331
3692,5345
3693,5368
3694,5355
3695,5333
3696,5342
3697,5338
3698,5328
3699,5374
3700,5350
3701,5325
3702,5332
3703,5349
3704,5343
3705,5351
3706,5333
3707,5259
3708,5346
3709,5336
3710,5370
3711,5915
3712,5347
3713,5334
3714,5345
3715,5333
3716,5328
3717,5363
3718,5358
3719,5337
3720,5335
3721,5332
3722,5335
3723,5338
3724,5336
3725,5234
3726,5353
3727,5337
3728,5338
3729,5323
3730,5339
3731,5334
3732,5333
3733,5332
3734,5331
3735,5323
3736,5338
3737,5334
3738,5363
3739,5369
3740,5337
3741,5335
3742,5325
3743,5342
3744,5357
3745,5327
3746,5343
3747,5334
3748,5355
3749,5328
3750,5363
3751,5332
3752,5337
3753,5325
3754,5344
3755,5338
3756,5357
3757,5341
3758,5365
3759,5340
3760,5350
3761,5359
3762,5381
3763,5331
3764,5344
3765,5423
3766,5350
3767,5353
3768,5336
3769,5351
3770,5357
3771,5333
3772,5337
3773,5354
3774,5333
3775,5339
3776,5353
3777,5335
3778,5350
3779,5335
3780,5364
3781,5312
3782,5348
3783,5366
3784,5359
3785,5344
3786,5351
3787,5377
3788,5374
3789,5344
3790,5311
3791,5337
3792,5344
3793,5359
3794,5346
3795,5339
3796,5352
3797,5354
3798,5344
3799,5338
3800,5361
3801,5330
3802,5342
3803,5326
3804,5378
3805,5363
3806,5368
3807,5338
3808,5362
3809,5345
3810,5351
3811,5406
3812,5365
3813,5347
3814,5355
3815,5362
3816,5365
3817,5361
3818,5342
3819,5349
3820,5360
3821,5337
3822,5381
3823,6715
3824,7105
3825,5886
3826,5346
3827,5360
3828,5342
3829,5334
3830,5338
3831,5319
3832,5336
3833,5357
3834,5335
3835,5334
3836,5344
3837,5282
3838,5330
3839,5356
3840,5359
3841,5343
3842,5328
3843,5333
3844,5351
3845,5288
3846,5331
3847,5277
3848,5341
3849,5366
3850,5333
3851,5335
3852,5331
3853,5333
3854,5352
3855,5309
3856,5336
3857,5278
3858,5331
3859,5348
3860,5346
3861,5334
3862,5355
3863,5254
3864,5334
3865,5331
3866,5331
3867,5328
3868,5350
3869,5303
3870,5356
3871,5368
3872,5328
3873,5327
3874,5335
3875,5349
3876,5356
3877,5332
3878,5335
3879,5336
3880,5334
3881,5367
3882,5819
3883,5299
3884,5336
3885,5361
3886,5332
3887,5333
3888,5335
3889,5338
3890,5339
3891,5333
3892,5332
3893,5328
3894,5332
3895,5354
3896,5303
3897,5331
3898,5299
3899,5333
3900,5349
3901,5333
3902,5339
3903,5338
3904,5336
3905,5328
3906,5342
3907,5352
3908,5271
3909,5335
3910,5352
3911,5333
3912,5347
3913,5357
3914,5334
3915,5642
3916,7028
3917,6540
3918,5355
3919,5333
3920,5349
3921,5318
3922,5267
3923,5319
3924,5347
3925,5329
3926,5336
3927,5325
3928,5352
3929,5352
3930,5342
3931,5332
3932,5350
3933,5323
3934,5330
3935,5283
3936,5276
3937,5350
3938,5327
3939,5337
3940,5338
3941,5320
3942,5352
3943,5330
3944,5343
3945,5328
3946,5350
3947,5319
3948,5327
3949,5365
3950,5332
3951,5339
3952,5327
3953,5352
3954,5356
3955,5354
3956,5346
3957,5330
3958,5254
3959,5347
3960,5334
3961,5260
3962,5335
3963,5349
3964,5335
3965,5339
3966,5329
3967,5331
3968,5351
3969,5277
3970,5331
3971,5289
3972,5328
3973,5347
3974,5328
3975,5330
3976,5329
3977,5333
3978,5328
3979,5387
3980,5334
3981,5343
3982,5345
3983,5334
3984,5346
3985,5307
3986,5336
3987,5309
3988,5357
3989,5405
3990,5345
3991,5348
3992,5329
3993,5332
3994,5329
3995,5317
3996,5334
3997,5348
3998,5333
3999,5331
4000,5326
4001,5330
4002,5361
4003,5294
4004,5380
4005,5297
4006,5329
4007,5359
4008,5334
4009,5333
4010,5333
4011,5338
4012,5353
4013,5281
4014,5360
4015,5345
4016,5336
4017,5338
4018,5330
4019,5332
4020,5328
4021,5347
4022,5326
4023,5330
4024,5349
4025,5313
4026,5332
4027,5275
4028,5328
4029,5347
4030,5329
4031,5335
4032,5328
4033,5331
4034,5330
4035,5339
4036,5207
4037,5352
4038,5328
4039,5336
4040,5340
4041,5272
4042,5329
4043,5342
4044,5330
4045,5336
4046,5329
4047,5335
4048,5348
4049,5290
4050,5350
4051,5329
4052,5336
4053,5339
4054,5331
4055,5333
4056,5329
4057,5327
4058,5346
4059,5279
4060,5320
4061,5354
4062,5331
4063,5342
4064,5366
4065,5380
4066,5340
4067,5312
4068,5330
4069,5345
4070,5336
4071,5374
4072,5347
4073,5328
4074,5344
4075,5345
4076,5348
4077,5329
4078,5284
4079,5331
4080,5345
4081,5337
4082,5361
4083,5408
4084,5333
4085,5336
4086,5329
4087,5343
4088,5326
4089,5347
4090,5296
4091,5329
4092,5315
4093,5333
4094,5303
4095,5340
4096,5346
4097,5327
4098,5339
4099,5327
4100,5387
4101,5333
4102,5330
4103,5334
4104,5335
4105,5346
4106,5793
4107,5352
4108,5346
4109,5350
4110,5274
4111,5348
4112,5343
4113,5342
4114,5335
4115,5352
4116,5304
4117,5336
4118,5346
4119,5331
4120,5332
4121,5327
4122,5330
4123,5347
4124,5305
4125,5329
4126,5349
4127,5339
4128,5334
4129,5333
4130,5314
4131,5320
4132,5349
4133,5328
4134,5347
4135,5332
4136,5326
4137,5292
4138,5327
4139,5374
4140,5331
4141,5330
4142,5343
4143,5332
4144,5331
4145,5354
4146,5355
4147,5297
4148,5338
4149,5277
4150,5333
4151,5348
4152,5348
4153,5312
4154,5363
4155,5339
4156,5346
4157,5330
4158,5330
4159,5327
4160,5333
4161,5325
4162,5332
4163,5326
4164,5277
4165,5367
4166,5329
4167,5365
4168,5342
4169,5336
4170,5325
4171,5342
4172,5628
4173,5335
4174,5337
4175,5321
4176,5349
4177,5329
4178,5335
4179,5339
4180,5351
4181,5331
4182,5343
4183,5333
4184,5348
4185,5306
4186,5304
4187,5294
4188,5331
4189,5244
4190,5328
4191,5355
4192,5335
4193,5335
4194,5326
4195,5354
4196,5334
4197,5330
4198,5325
4199,5354
4200,5349
4201,5354
4202,5333
4203,5335
4204,5332
4205,5335
4206,5360
4207,5324
4208,5334
4209,5324
4210,5331
4211,5325
4212,5305
4213,5310
4214,5338
4215,5357
4216,5341
4217,5352
4218,5416
4219,5344
4220,5327
4221,5291
4222,5260
4223,5347
4224,5493
4225,5378
4226,5345
4227,5389
4228,5353
4229,5363
4230,5358
4231,5261
4232,5352
4233,5336
4234,5251
4235,5351
4236,5340
4237,5370
4238,5848
4239,5369
4240,5334
4241,5331
4242,5361
4243,5367
4244,5357
4245,5341
4246,5343
4247,5328
4248,5329
4249,5759
4250,5330
4251,5340
4252,5358
4253,5353
4254,5342
4255,5343
4256,5343
4257,5308
4258,5356
4259,5341
4260,5367
4261,5352
4262,5351
4263,5771
4264,7180
4265,5341
4266,5313
4267,5328
4268,5331
4269,5332
4270,5330
4271,5345
4272,5329
4273,5325
4274,5319
4275,5310
4276,5335
4277,5336
4278,5344
4279,5328
4280,5325
4281,5325
4282,5329
4283,5329
4284,5343
4285,5353
4286,5356
4287,5326
4288,5464
4289,5848
4290,5350
4291,5338
4292,5414
4293,5359
4294,5377
4295,5285
4296,5464
4297,5352
4298,5385
4299,5347
4300,5411
4301,5449
4302,5276
4303,5304
4304,5335
4305,5385
4306,5361
4307,5489
4308,5340
4309,5303
4310,5401
4311,5330
4312,5336
4313,5370
4314,5280
4315,5314
4316,5329
4317,5289
4318,5327
4319,5363
4320,5331
4321,5355
4322,5327
4323,5327
4324,5314
4325,5332
4326,5361
4327,5313
4328,5371
4329,5342
4330,5330
4331,5367
4332,5397
4333,5286
4334,5291
4335,5331
4336,5355
4337,5330
4338,5321
4339,5332
4340,5349
4341,5333
4342,5381
4343,5330
4344,5536
4345,5354
4346,5582
4347,5340
4348,5363
4349,5353
4350,5380
4351,5369
4352,5572
4353,5384
4354,5465
4355,5329
4356,5358
4357,5411
